Serial Number,List Year,Date Recorded,Town,Address,Assessed Value,Sale Amount,Property Type,Residential Type,Sales Ratio
220008,2022,2023-01-30,Andover,618 ROUTE 6,139020,232000,Residential,Single Family,0.5992241379310345
200243,2020,2021-04-13,Avon,111 NORTHINGTON DRIVE,619290,890000,Residential,Single Family,0.6958314606741574
22043,2022,2023-03-15,Beacon Falls,41 EDGEWOOD DRIVE,164170,285000,Residential,Single Family,0.5760350877192982
220440,2022,2023-02-16,Branford,69 MONTOYA,84300,195000,Residential,Condo,0.4323076923076923
211762,2021,2022-06-21,Bridgeport,38 RIVERVIEW DR,86990,247000,Residential,Condo,0.35218623481781375
200354,2020,2020-12-29,Bristol,391 TIFFANY LA,173740,299000,Residential,Single Family,0.5810702341137124
22000107,2022,2022-12-22,Cheshire,30 CURRIER PL,129150,265000,Residential,Condo,0.48735849056603775
201212,2020,2021-08-23,Bristol,8 JENNINGS TERR,88060,91000,Residential,Single Family,0.9676923076923077
20000179,2020,2021-02-22,Brookfield,72 HOMESTEAD LN,94770,170000,Residential,Condo,0.5574705882352942
200042,2020,2021-05-19,Canaan,93 MAIN ST,355800,599000,Residential,Two Family,0.5939899833055092
2000230,2020,2021-03-16,Cheshire,50 ABBEY CT,210940,365000,Residential,Single Family,0.577917808219178
220054,2022,2022-12-13,Coventry,166 CEDAR SWAMP RD,114500,255000,Residential,Single Family,0.44901960784313727
2000330,2020,2021-05-20,Cheshire,844 HIGHLAND AVE,144220,204000,Residential,Single Family,0.7069607843137254
200078,2020,2021-09-20,Chester,6 SUNSET AVE,250100,418800,Residential,Single Family,0.5971824259789876
200035,2020,2020-10-29,Colchester,160 SHADBUSH DR,223900,392000,Residential,Single Family,0.5711734693877552
200742,2020,2021-03-29,Danbury,17 OHEHYAHTAH PL,339100,550000,Residential,Single Family,0.6165454545454545
200938,2020,2021-05-13,Danbury,15-17 BOUGHTON ST #1-5,118900,230000,Residential,Condo,0.5169565217391304
220261,2022,2023-07-13,East Lyme,2 PEACH LN,465500,827000,Residential,Single Family,0.5628778718258767
201580,2020,2021-09-27,Danbury,25 CROWN ST,192300,525000,Residential,Two Family,0.36628571428571427
200408,2020,2020-12-24,Danbury,15 SCUPPO RD 1503,130800,260000,Residential,Condo,0.5030769230769231
210098,2021,2021-10-20,Danbury,19 GLEN RD,202500,460000,Residential,Single Family,0.44021739130434784
200242,2020,2021-01-27,East Haven,130 COE AVE #51,28240,73000,Residential,Condo,0.3868493150684931
200236,2020,2021-03-18,East Lyme,8 N EDGEWOOD RD,238140,421000,Residential,Single Family,0.5656532066508314
210176,2021,2022-04-19,East Hampton,10 LOWELL RD,153570,270000,Residential,Single Family,0.5687777777777778
200510,2020,2021-09-15,East Lyme,3 CARLISE LN,212100,390500,Residential,Condo,0.5431498079385403
200305,2020,2021-01-26,Enfield,15 SALERNO DR,233660,410000,Residential,Single Family,0.5699024390243902
210278,2021,2022-08-18,Ellington,1 ABBOTT RD 131,79390,170000,Residential,Condo,0.467
200537,2020,2021-05-21,Enfield,104 BREWSTER RD,117380,245000,Residential,Single Family,0.4791020408163265
200652,2020,2021-06-29,Enfield,12 KELLY DR,203470,360000,Residential,Single Family,0.5651944444444444
200700,2020,2021-07-13,Enfield,8 SHANNON DR,161590,310000,Residential,Single Family,0.521258064516129
221007,2022,2023-09-25,Hamden,117 CUMPSTONE DR,144620,365000,Residential,Single Family,0.39621917808219176
200226,2020,2020-12-18,Enfield,106 RAFFIA RD,145570,240000,Residential,Single Family,0.6065416666666666
210721,2021,2022-05-26,Fairfield,59 GRACE STREET,235970,350000,Residential,Single Family,0.6742
200125,2020,2021-03-31,Essex,35 DEER LA,220500,425000,Residential,Single Family,0.5188235294117647
200140,2020,2021-04-28,Essex,14 ESSEX GLEN DR #12,335800,520000,Residential,Condo,0.6457692307692308
220715,2022,2023-06-15,Hartford,106 MOUNTAIN ST,65195,200000,Residential,Single Family,0.325975
200151,2020,2020-12-14,Farmington,15 MALS WAY,356410,550000,Residential,Single Family,0.6480181818181818
21200,2021,2022-01-28,Farmington,7 CYPRESS TRAIL,140950,260000,Residential,Condo,0.5421153846153847
21101,2021,2021-11-30,Farmington,38 OAKLAND AV,137510,398500,Residential,Single Family,0.345069008782936
220082,2022,2022-12-22,Ledyard,51 EAGLE RIDGE DR,222460,357000,Residential,Single Family,0.6231372549019608
200645,2020,2021-02-17,Greenwich,123 VALLEY DRIVE,2661200,3000000,Residential,Single Family,0.8870666666666667
201233,2020,2021-06-22,Greenwich,11 BAYBERRY LANE,4259500,4300000,Residential,Single Family,0.9905813953488372
201437,2020,2021-07-20,Greenwich,552 RIVER ROAD,1337630,2300000,Residential,Single Family,0.5815782608695652
201494,2020,2021-07-28,Greenwich,20 EAST LYON FARM DRIVE,632170,1250000,Residential,Condo,0.505736
200421,2020,2020-12-24,Greenwich,130 NORTH WATER STREET,288190,705000,Residential,Single Family,0.40878014184397166
220442,2022,2023-03-24,Meriden,8 JACKSON ST,124740,325000,Residential,Four Family,0.3838153846153846
220527,2022,2023-04-24,Meriden,154 CROWN VLG,35840,85000,Residential,Condo,0.42164705882352943
201078,2020,2020-12-21,Griswold,22 CROSS RD,173040,302000,Residential,Single Family,0.5729801324503311
220671,2022,2023-06-26,Meriden,380 PARKER AVE SO,106330,280000,Residential,Single Family,0.37975
210328,2021,2021-12-27,Hamden,288 DAVIS ST,129150,263000,Residential,Single Family,0.49106463878326995
220917,2022,2023-09-18,Meriden,436 BLACKSTONE VLG,51100,45000,Residential,Condo,1.1355555555555557
200639,2020,2021-07-28,Groton,4 TYLER AVE,259770,650000,Residential,Single Family,0.3996461538461539
22020,2022,2022-11-15,Middlebury,97 RIDGEWOOD DR,326100,500000,Residential,Condo,0.6522
20565,2020,2021-03-29,Hartford,31 EATON ST,61915,249000,Residential,Two Family,0.24865461847389558
201129,2020,2021-08-19,Hartford,20 GIDDINGS ST,114954,360000,Residential,Two Family,0.3193166666666667
20059,2020,2021-02-18,Lebanon,54 FIRST ST,121510,229900,Residential,Single Family,0.5285341452805568
200052,2020,2020-11-16,Litchfield,68 BEACH ST,149570,200000,Residential,Two Family,0.74785
200709,2020,2021-04-16,Manchester,152 GREEN ROAD,138100,282500,Residential,Single Family,0.4888495575221239
220197,2022,2023-03-31,New London,14 THAMES ST,119350,285000,Residential,Single Family,0.4187719298245614
22018,2022,2023-03-13,Norfolk,35 PARKER HILL RD,138620,380000,Residential,Single Family,0.36478947368421055
200821,2020,2021-05-27,Meriden,7 CARRIAGE CRSNG,67270,82000,Residential,Condo,0.8203658536585365
201245,2020,2021-09-14,Meriden,223 REYNOLDS DR,128170,260000,Residential,Single Family,0.49296153846153845
220753,2022,2023-07-19,Norwich,26 WARD ST,86100,180000,Residential,Single Family,0.47833333333333333
200175,2020,2020-10-29,Milford,16 SEABREEZE AVE,180950,325000,Residential,Condo,0.5567692307692308
220300,2022,2023-02-17,Greenwich,2 MORTIMER DRIVE,927990,1850000,Residential,Single Family,0.5016162162162162
210473,2021,2022-08-25,New London,85 WEST ST,75110,205000,Residential,Single Family,0.366390243902439
21136,2021,2021-11-30,Newtown,7 POSSUM RIDGE ROAD,243280,482500,Residential,Single Family,0.5042072538860104
2000473,2020,2021-05-18,Naugatuck,33 FAIRCHILD ST,98900,184500,Residential,Single Family,0.5360433604336043
2000022,2020,2020-10-13,Naugatuck,41 ANDERSON ST,108070,193500,Residential,Three Family,0.558501291989664
20086,2020,2020-10-22,New Britain,23 PARKMORE ST,122220,223000,Residential,Single Family,0.5480717488789237
200338,2020,2021-04-23,New Canaan,116 ROCKY BROOK RD,620760,850000,Residential,Single Family,0.7303058823529411
200661,2020,2021-08-30,New Canaan,322 MAIN ST,1279460,2400000,Residential,Single Family,0.5331083333333333
210618,2021,2022-05-23,Norwich,114 SHERATON LN,37400,100000,Residential,Condo,0.374
210923,2021,2022-08-24,Norwich,5 ROBBINS CT,106400,175000,Residential,Two Family,0.608
200953,2020,2021-05-28,New Haven,44 FRONT ST,64470,105000,Residential,Condo,0.614
201207,2020,2021-07-21,New Haven,40 TEMPLE CT # 40,368130,850000,Residential,Condo,0.4330941176470588
201440,2020,2021-09-15,New Haven,889 CONGRESS AV,80150,214000,Residential,Two Family,0.3745327102803738
200192,2020,2020-11-20,New Haven,459 BLATCHLEY AV,71150,170000,Residential,Two Family,0.41852941176470587
220779,2022,2023-06-23,Milford,23 PEARL ST,254300,650000,Residential,Single Family,0.3912307692307692
220981,2022,2023-09-29,New Haven,748 QUINNIPIAC AV #11,123130,250000,Residential,Condo,0.49252
20742,2020,2021-08-30,Newtown,157 HANOVER ROAD,325640,508000,Residential,Single Family,0.6410236220472441
20771,2020,2021-09-16,Newtown,3 SHORT HILL ROAD,451770,910000,Residential,Single Family,0.49645054945054945
201007,2020,2021-03-22,Norwalk,29 GREGORY BLVD,261800,450000,Residential,Single Family,0.5817777777777777
202876,2020,2021-08-18,Norwalk,17 HADIK PKWY,256270,355000,Residential,Single Family,0.721887323943662
200289,2020,2020-11-23,Norwalk,188 FLAX HILL RD UNIT B/6,173040,330000,Residential,Condo,0.5243636363636364
220324,2022,2023-04-26,Wallingford,28 GEORGE ST,152500,390000,Residential,Three Family,0.391025641025641
220209,2022,2022-12-22,New Haven,545 ELLSWORTH AV,266070,390000,Residential,Single Family,0.6822307692307692
21075,2021,2021-11-15,Southbury,887 SOUTHFORD RD,251170,462500,Residential,Single Family,0.5430702702702702
221296,2022,2023-06-22,Waterbury,61 OAK ST,76983,410000,Residential,Two Family,0.18776341463414634
20249,2020,2021-09-30,Orange,387 TIMBERLANE DR,297700,550000,Residential,Single Family,0.5412727272727272
20135,2020,2021-01-21,Plainfield,30-32 GREENE AVE,98580,200000,Residential,Two Family,0.4929
20492,2020,2021-08-19,Plainfield,22 FERNWOOD ST,142910,310000,Residential,Single Family,0.461
200377,2020,2021-08-16,Plainville,492 EAST ST B-36,41090,89900,Residential,Condo,0.45706340378197996
200179,2020,2021-06-22,Portland,724 GLASTONBURY TPKE,134750,220000,Residential,Single Family,0.6125
200010,2020,2020-10-22,Rocky Hill,59 HIGHCREST DRIVE,128870,193000,Residential,Condo,0.667720207253886
2102049,2021,2022-07-28,Stamford,91 STRAWBERRY HILL AVE #224,130350,145000,Residential,Condo,0.8989655172413793
2100154,2021,2021-10-19,Stamford,99 OLD BARN ROAD WEST,292910,530000,Residential,Single Family,0.5526603773584906
200759,2020,2021-07-21,Shelton,104 MAPLE AVE,144410,185000,Residential,Single Family,0.7805945945945946
200362,2020,2021-05-24,Simsbury,75 HILLTOP DRIVE,99660,180000,Residential,Condo,0.5536666666666666
200377,2020,2021-05-28,Simsbury,108 LIBRARY LANE,80010,130000,Residential,Condo,0.6154615384615385
220019,2022,2022-10-18,Windsor,324 KINGS LANDING,149450,350000,Residential,Condo,0.427
20486,2020,2021-06-15,Southbury,808 A HERITAGE VILLAGE,92080,185000,Residential,Condo,0.49772972972972973
20588,2020,2021-07-29,Southbury,2005 PURCHASE BROOK RD,235950,510000,Residential,Single Family,0.4626470588235294
220105,2022,2022-11-14,Hartford,67 CONGRESS AVE 067C,33773,125000,Residential,Condo,0.270184
220644,2022,2023-02-14,Bridgeport,329 PEARL ST #331,168500,300000,Residential,Three Family,0.5616666666666666
220031,2022,2022-10-21,Avon,38 LORD DAVIS LANE,462850,860000,Residential,Single Family,0.5381976744186047
220879,2022,2023-08-21,Hartford,45-51 WILLARD ST UNIT 3EL,14222,69900,Residential,Condo,0.2034620886981402
2200166,2022,2023-01-27,New Milford,28 BIRCHWOOD DR,168140,400000,Residential,Single Family,0.42035
22211,2022,2023-04-28,Montville,41 CAROL DR,206410,355000,Residential,Single Family,0.5814366197183098
22138,2022,2023-09-18,Beacon Falls,104 FIELDSTONE LANE,0,616335,Residential,Condo,0.0
2222100,2022,2023-02-21,Ansonia,124 TREMONT ST,120960,105000,Residential,Single Family,1.152
220249,2022,2023-01-17,Greenwich,110 SHEEPHILL ROAD,509600,700000,Residential,Single Family,0.728
2200060,2022,2022-11-14,New Milford,36 MIST HILL DR,198190,455000,Residential,Single Family,0.43558241758241756
220156,2022,2023-08-18,North Branford,15 CONIFER DR,184000,457000,Residential,Single Family,0.4026258205689278
220211,2022,2023-01-18,Litchfield,104 MEADOW ST,137910,513000,Residential,Single Family,0.26883040935672514
2200461,2022,2023-06-26,East Hartford,7 STRAWBERRY LN,181350,360000,Residential,Condo,0.50375
22079,2022,2023-08-14,Columbia,6 STRICKLAND ROAD,142100,355000,Residential,Single Family,0.4002816901408451
220473,2022,2023-01-30,Fairfield,13 BOND STREET,272370,390000,Residential,Single Family,0.6983846153846154
220891,2022,2023-08-29,New Haven,646 WOODWARD AV,183750,340000,Residential,Single Family,0.5404411764705882
220455,2022,2023-03-30,Meriden,50 SUNBRIGHT DR NO,118580,125000,Residential,Single Family,0.94864
220679,2022,2023-02-17,Bridgeport,518 NOBLE AVE #520,158385,415000,Residential,Three Family,0.38165060240963855
2200031,2022,2022-10-28,East Haven,65 RUSSO AVE #A5,95130,158100,Residential,Condo,0.601707779886148
222323,2022,2023-08-21,Bridgeport,2660 NORTH AVE UNIT 240,96190,260000,Residential,Condo,0.36996153846153845
22000028,2022,2023-07-25,Hampton,981 PUDDING HILL RD,126540,340000,Residential,Single Family,0.3721764705882353
220087,2022,2023-06-21,Easton,15 ORCHARD LANE,286300,801000,Residential,Single Family,0.35742821473158554
220585,2022,2023-06-27,Branford,27 BRAINERD RD UNIT B,184700,390000,Residential,Single Family,0.4735897435897436
22015,2022,2022-10-24,Columbia,28 CHESBRO BRIDGE ROAD,304080,810000,Residential,Single Family,0.3754074074074074
220036,2022,2023-04-18,Bethlehem,11 MAIN ST S,317500,620000,Residential,Single Family,0.5120967741935484
2200390,2022,2023-05-22,East Hartford,45 BRIARWOOD LN,207650,275000,Residential,Single Family,0.7550909090909091
220553,2022,2023-03-21,Fairfield,1319 STILLSON ROAD,600880,1365000,Residential,Single Family,0.4402051282051282
221932,2022,2023-05-25,Bridgeport,22 EVERGREEN ST,167640,440000,Residential,Three Family,0.381
220278,2022,2023-01-24,New Haven,132 DERBY AV,191800,278000,Residential,Three Family,0.6899280575539568
220684,2022,2023-06-16,Hamden,75 SANTA FE AVE,388640,818500,Residential,Single Family,0.47481979230299326
22134,2022,2023-02-23,North Haven,6 LIBERTY TERR,203380,260000,Residential,Single Family,0.7822307692307693
22312,2022,2023-06-21,Darien,16 PLYMOUTH ROAD,1595160,3195000,Residential,Single Family,0.4992676056338028
220900,2022,2023-08-16,Hamden,34 SQUIRE LA,207130,490000,Residential,Single Family,0.4227142857142857
220244,2022,2023-07-13,Ledyard,10 HERMITAGE DR,201530,460000,Residential,Single Family,0.4381086956521739
2200398,2022,2023-06-27,Naugatuck,6 PINEWOOD CROSSING SOUTH,282590,525000,Residential,Single Family,0.5382666666666667
220506,2022,2023-04-21,Branford,ANCHOR REEF CLUB 17E,137000,275000,Residential,Condo,0.49818181818181817
220071,2022,2023-01-24,East Windsor,72 ROCKVILLE RD,140890,285000,Residential,Single Family,0.49435087719298243
22161,2022,2023-03-24,North Haven,45 BLEECKER CIR,257180,489900,Residential,Condo,0.5249642784241682
22113,2022,2023-06-29,Burlington,48 HUNTERS CROSSING,334950,750000,Residential,Single Family,0.4466
22224,2022,2023-05-19,Montville,7 KILLEEN RD,170170,280000,Residential,Single Family,0.60775
220190,2022,2023-08-29,Ellington,10 AZALEA LN,297260,595000,Residential,Single Family,0.49959663865546217
220308,2022,2023-08-31,Killingly,91 GLORIA AV,170460,425000,Residential,Single Family,0.40108235294117645
220549,2022,2023-07-28,Enfield,24 SPIER AVE,182600,312000,Residential,Single Family,0.5852564102564103
2200459,2022,2023-06-23,East Hartford,5 COMANCHE RD,38870,70000,Residential,Condo,0.5552857142857143
2200432,2022,2023-08-15,New Milford,63 SULLIVAN FARM,174580,349995,Residential,Condo,0.4988071258160831
220297,2022,2023-08-15,Madison,22 SILO HILL,453000,981000,Residential,Single Family,0.4617737003058104
220127,2022,2022-11-21,Meriden,134 BALDWIN ST,159530,272500,Residential,Single Family,0.5854311926605504
220761,2022,2023-07-25,Meriden,9 FIESTA HGTS,178430,290000,Residential,Single Family,0.6152758620689656
220297,2022,2023-01-26,Meriden,142 BRITANNIA ST,113330,165000,Residential,Single Family,0.6868484848484848
220295,2022,2023-01-25,Meriden,19 SWAIN AVE,149450,260000,Residential,Two Family,0.5748076923076924
220184,2022,2023-06-30,Colchester,23 VILLAGE CT,215600,385000,Residential,Condo,0.56
220021,2022,2022-10-26,Bloomfield,34 COLD SPRING DR,189840,360000,Residential,Single Family,0.5273333333333333
220038,2022,2022-12-28,Hebron,302 JAGGER LANE,261590,434900,Residential,Single Family,0.6014945964589561
220426,2022,2023-03-20,Meriden,83 COLONY BROOK PARK,33530,67000,Residential,Single Family,0.5004477611940299
220971,2022,2023-09-25,Hartford,178 PARK ST UNIT D,20176,35000,Residential,Condo,0.5764571428571429
221838,2022,2023-05-31,Manchester,28 PROSPECT STREET UNIT 11,45900,87000,Residential,Condo,0.5275862068965518
220577,2022,2023-01-26,Bridgeport,251 JANE ST #257,142820,340000,Residential,Single Family,0.42005882352941176
220116,2022,2023-03-23,East Hampton,16 CORNWELL TERRACE,162270,357000,Residential,Single Family,0.4545378151260504
220232,2022,2023-08-18,Colchester,31 COLCHESTER COMMONS,75000,155000,Residential,Single Family,0.4838709677419355
220346,2022,2023-04-18,Enfield,16 BRAINARD RD,147000,230000,Residential,Single Family,0.6391304347826087
220875,2022,2023-07-19,Milford,300 MEADOWSIDE RD #202,82610,100000,Residential,Condo,0.8261
22151,2022,2023-03-14,North Haven,8 STATE ST,174620,275000,Residential,Single Family,0.6349818181818182
22035,2022,2023-04-18,Bolton,280 BOLTON CENTER RD,158700,285000,Residential,Single Family,0.5568421052631579
220069,2022,2023-04-13,Hebron,17 BASS LAKE RD,216090,490000,Residential,Single Family,0.441
2200504,2022,2023-07-25,East Hartford,63 GRANDE RD,146090,300000,Residential,Single Family,0.48696666666666666
220113,2022,2022-11-22,Fairfield,21 CHANDLERS LANE SOUTH,522550,890000,Residential,Single Family,0.5871348314606741
220229,2022,2023-06-26,Ledyard,135 WHALEHEAD RD,172060,300000,Residential,Single Family,0.5735333333333333
22097,2022,2023-03-13,Derby,130 HIGH ST,67060,17501,Residential,Single Family,3.831781041083367
22061,2022,2022-12-19,Monroe,43 CHALK HILL RD,195900,370000,Residential,Single Family,0.5294594594594595
220887,2022,2023-08-24,Hartford,59 EAST ST,53839,360000,Residential,Three Family,0.14955277777777778
220199,2022,2023-05-23,New Canaan,35 BANK ST-UNIT 10,599830,1050000,Residential,Condo,0.5712666666666667
220154,2022,2023-03-20,East Lyme,65 SEA CREST AVE,191240,440000,Residential,Single Family,0.43463636363636365
220600,2022,2023-05-24,Meriden,37 LANOUETTE ST,134540,39000,Residential,Single Family,3.4497435897435897
220017,2022,2022-11-21,Middlefield,80 MAIN ST,189400,305000,Residential,Single Family,0.620983606557377
220099,2022,2023-03-15,Clinton,137 EAST MAIN ST,196200,340000,Residential,Four Family,0.5770588235294117
220226,2022,2022-12-27,Hamden,35 BENHAM ST,122360,212000,Residential,Single Family,0.5771698113207547
220173,2022,2023-04-25,Madison,209 RIVER RD,227100,475000,Residential,Single Family,0.47810526315789476
220598,2022,2023-08-18,Enfield,329 ABBE RD,174200,285000,Residential,Single Family,0.6112280701754386
220203,2022,2022-12-20,Meriden,157 WILLIAMS ST,147070,225000,Residential,Single Family,0.6536444444444445
220259,2022,2023-09-15,East Hampton,211 MIDDLE HADDAM RD,421650,1500000,Residential,Single Family,0.2811
22333,2022,2023-09-21,Montville,24 TORY DR,221620,410000,Residential,Single Family,0.5405365853658537
221774,2022,2023-04-28,Manchester,102 WETHERELL STREET UNIT 12,129200,221500,Residential,Condo,0.5832957110609481
221914,2022,2023-05-22,Bridgeport,216 MACON DR,160960,420000,Residential,Single Family,0.3832380952380952
220240,2022,2022-12-22,Hartford,65 LINNMOORE ST,87392,290000,Residential,Two Family,0.30135172413793104
221410,2022,2022-10-28,Manchester,20 CARRIAGE DRIVE,209600,320000,Residential,Single Family,0.655
220015,2022,2022-10-17,Brooklyn,80 VENTURA DR,100100,261500,Residential,Single Family,0.38279158699808796
22279,2022,2023-08-24,Darien,354 HOYT STREET,439390,1185000,Residential,Single Family,0.3707932489451477
220021,2022,2022-10-20,Coventry,426 LEWIS HILL RD,157000,289000,Residential,Single Family,0.5432525951557093
220776,2022,2023-07-13,Hamden,65 WASHINGTON RD,128730,300000,Residential,Single Family,0.4291
220796,2022,2023-07-20,Hamden,17 ROCKWOOD RD,118580,153990,Residential,Single Family,0.770050003246964
2200016,2022,2022-10-18,New Milford,52 OLD FARMS CONDO,115850,230000,Residential,Condo,0.503695652173913
220833,2022,2023-07-27,Hamden,11 JEAN ST,91840,200000,Residential,Single Family,0.4592
220274,2022,2023-04-13,Groton,19 BANK ST,323750,835000,Residential,Single Family,0.38772455089820357
2200150,2022,2022-12-29,Naugatuck,35 FAIRCHILD ST,113820,85000,Residential,Single Family,1.3390588235294119
220117,2022,2023-01-27,Avon,265 BURNHAM ROAD,241590,545000,Residential,Single Family,0.44328440366972477
220071,2022,2023-01-23,Clinton,30 MALLARD LN,219224,570000,Residential,Single Family,0.38460350877192984
220413,2022,2023-05-23,Enfield,13 CEDAR ST,117100,190000,Residential,Single Family,0.6163157894736843
221069,2022,2023-05-23,Fairfield,405 HULLS HIGHWAY,573160,976500,Residential,Single Family,0.5869534050179211
222048,2022,2023-06-16,Bridgeport,68 HEWITT ST,113890,300000,Residential,Single Family,0.3796333333333333
220053,2022,2022-11-30,Bloomfield,23 PARK AVE,90490,205000,Residential,Single Family,0.44141463414634147
22000218,2022,2023-04-20,Cheshire,115 BELLAMY RD,241860,550000,Residential,Single Family,0.43974545454545455
2222169,2022,2023-06-30,Ansonia,174 N STATE ST,242410,468000,Residential,Two Family,0.5179700854700855
22029,2022,2023-03-28,Eastford,86 COUNTY RD,49830,50500,Residential,Single Family,0.9867326732673267
220475,2022,2023-04-21,New Haven,902 TOWNSEND AV,140840,252000,Residential,Single Family,0.5588888888888889
22063,2022,2023-01-17,Derby,2 D ST,96810,130000,Residential,Single Family,0.7446923076923077
22275,2022,2023-07-17,North Haven,25 APPLETREE LN,159640,375000,Residential,Single Family,0.4257066666666667
220276,2022,2023-04-14,Groton,88-6 BUDDINGTON RD,74410,179000,Residential,Condo,0.41569832402234635
2200184,2022,2023-05-16,Bloomfield,47 FOOTHILLS WAY,161980,337500,Residential,Single Family,0.4799407407407407
221163,2022,2023-06-26,Fairfield,50 CEDAR WOOD LANE,424410,780000,Residential,Single Family,0.5441153846153847
220894,2022,2023-08-30,Greenwich,VALLEY ROAD 0064,536060,735000,Residential,Two Family,0.7293333333333333
2200162,2022,2023-04-17,Bloomfield,21 PENWOOD RD,234640,420000,Residential,Single Family,0.5586666666666666
220796,2022,2023-03-13,Bridgeport,323 EXETER ST,130579,259900,Residential,Single Family,0.5024201616006156
2200314,2022,2023-06-22,East Haven,54 MILL POND HEIGHTS RD,181790,410410,Residential,Single Family,0.4429472966058332
222355,2022,2023-08-29,Bridgeport,220 MARILYN DR,135660,295000,Residential,Single Family,0.459864406779661
220021,2022,2022-10-20,Brooklyn,28 GUNNAR DR,126500,289000,Residential,Single Family,0.43771626297577854
222104,2022,2023-09-20,Manchester,175-185 NEW BOLTON ROAD,207700,400000,Residential,Single Family,0.51925
220165,2022,2023-01-13,Newington,7 EIGHTH ST,84740,135000,Residential,Single Family,0.6277037037037037
220016,2022,2022-10-28,Mansfield,15 WESTWOOD RD,203100,405000,Residential,Single Family,0.5014814814814815
220084,2022,2022-12-22,Killingly,5 COUNTRY CLUB ROAD,138110,300000,Residential,Four Family,0.46036666666666665
220148,2022,2022-10-26,Bridgeport,341 GEORGE ST #343,229020,480000,Residential,Two Family,0.477125
220108,2022,2022-11-29,Enfield,5 SOUTHVIEW ST,104700,207000,Residential,Single Family,0.5057971014492754
220264,2022,2022-12-29,Hartford,58 LEDGER ST,43586,235000,Residential,Single Family,0.18547234042553193
22005,2022,2022-10-17,Barkhamsted,22 SHANNON DR,224060,502000,Residential,Single Family,0.44633466135458166
220174,2022,2023-07-27,Coventry,11 WOODMERE DR,111900,550000,Residential,Single Family,0.20345454545454544
220028,2022,2022-11-22,Litchfield,220 EAST ST,207660,375000,Residential,Single Family,0.55376
220972,2022,2023-08-22,Milford,6-10 STOWE AVE,653180,1200000,Residential,Single Family,0.5443166666666667
220833,2022,2023-03-21,Bridgeport,155 KENNEDY DR UNIT #155,74190,171000,Residential,Condo,0.433859649122807
220100,2022,2022-11-16,Fairfield,411 ROMANOCK ROAD,911260,1750000,Residential,Single Family,0.52072
2222132,2022,2023-04-18,Ansonia,16 SHEASBY RD,253960,415000,Residential,Single Family,0.6119518072289156
220829,2022,2023-03-20,Bridgeport,326 BOND ST,110775,255000,Residential,Two Family,0.43441176470588233
220218,2022,2023-01-24,Enfield,336 TAYLOR RD,137600,280000,Residential,Single Family,0.49142857142857144
222310,2022,2023-08-16,Bridgeport,64 HARBOR AVE #66,227450,624200,Residential,Three Family,0.3643864146107017
220590,2022,2023-01-31,Bridgeport,995 CAPITOL AVE UNIT #M,64530,180000,Residential,Condo,0.3585
2200091,2022,2022-11-30,New Milford,112 WYNWOOD DR,158480,347000,Residential,Single Family,0.4567146974063401
22085,2022,2022-12-13,Montville,9 KIM AVE,139510,230000,Residential,Single Family,0.6065652173913043
2200405,2022,2023-07-26,New Milford,17 BONNIE VU LN,247420,563000,Residential,Single Family,0.4394671403197158
220754,2022,2023-07-21,Meriden,21 CATLIN ST,167160,421000,Residential,Three Family,0.3970546318289786
22037,2022,2022-10-31,Montville,52 ALLEN DR,143780,285000,Residential,Single Family,0.5044912280701754
22000316,2022,2023-07-17,Cheshire,245 VILLAGE DR,283230,665000,Residential,Single Family,0.42590977443609024
220119,2022,2023-04-18,Clinton,92 GROVE ST,327600,770000,Residential,Two Family,0.4254545454545455
220353,2022,2023-02-21,Hamden,75 WASHINGTON AVE 5-402,66850,151000,Residential,Condo,0.4427152317880795
221082,2022,2023-05-26,Fairfield,311 HARVESTER ROAD,285040,647000,Residential,Single Family,0.4405564142194745
220259,2022,2023-01-13,New Haven,493 HOWARD AV,218260,281000,Residential,Two Family,0.7767259786476869
2200398,2022,2023-08-15,East Haven,569 MAIN ST,161630,350169,Residential,Two Family,0.4615771241886061
220648,2022,2023-06-22,Greenwich,9 COTTONTAIL ROAD,1479030,2900000,Residential,Single Family,0.5100103448275862
221461,2022,2022-11-15,Manchester,53 DUVAL STREET,162200,150000,Residential,Single Family,1.0813333333333333
220026,2022,2022-10-13,East Hartford,29 LANHAM LN,113430,235000,Residential,Single Family,0.4826808510638298
220214,2022,2023-09-28,Coventry,102 SPRING TR,115300,210000,Residential,Single Family,0.549047619047619
220553,2022,2023-05-31,Branford,530 WEST MAIN ST,104800,175000,Residential,Two Family,0.5988571428571429
222080,2022,2023-06-26,Bridgeport,520 LAUREL AVE,333960,600000,Residential,Two Family,0.5566
220147,2022,2023-03-20,Killingly,519 MAIN ST,80010,135000,Residential,Single Family,0.5926666666666667
22077,2022,2023-06-23,Lebanon,347 GATES RD,115430,30000,Residential,Single Family,3.8476666666666666
2200148,2022,2022-12-28,East Hartford,55 JANET DR,137110,253000,Residential,Single Family,0.5419367588932806
220633,2022,2023-06-16,Greenwich,93 RIVERSIDE AVENUE,1246700,2100000,Residential,Single Family,0.5936666666666667
220551,2022,2023-01-18,Bridgeport,60 GREYSTONE RD,137500,350000,Residential,Single Family,0.39285714285714285
220586,2022,2023-04-24,Hartford,256 SOUTH MARSHALL ST,592812,1993925,Residential,Condo,0.2973090763193199
22022,2022,2022-11-14,Burlington,33 VILLAGE LN,197260,426000,Residential,Single Family,0.46305164319248826
220117,2022,2023-04-13,East Windsor,54 MILLER RD,161210,280000,Residential,Single Family,0.57575
2200067,2022,2022-11-23,East Haven,6 BIRCH LN #K,67690,158000,Residential,Condo,0.4284177215189873
220103,2022,2022-11-21,Enfield,100 ABBE RD,142400,298000,Residential,Single Family,0.4778523489932886
220470,2022,2022-12-29,Bridgeport,55 WESSELS AVE #07,66010,139000,Residential,Condo,0.47489208633093527
222138,2022,2023-09-29,Manchester,42 RED ROCK LANE,188100,359475,Residential,Single Family,0.5232630920091801
210164,2021,2022-03-31,Suffield,59 BRANDYWINE LN,98420,181000,Residential,Condo,0.5437569060773481
220618,2022,2023-06-13,Greenwich,101 PUTNAM PARK,54722220,535000,Residential,Condo,102.28452336448598
220147,2022,2023-08-24,Brooklyn,46 POMFRET LANDING RD,114900,230000,Residential,Single Family,0.49956521739130433
220686,2022,2023-08-31,Branford,39 MANORWOOD DR,105900,252000,Residential,Condo,0.42023809523809524
220104,2022,2023-08-28,New Hartford,80 MAPLE HOLLOW ROAD,178500,322950,Residential,Single Family,0.552717138875987
220016,2022,2022-10-13,New Canaan,22 NORHOLT DR,713440,1300000,Residential,Single Family,0.5488
221366,2022,2023-08-24,Fairfield,720 BLACK ROCK TURNPIKE,245910,490000,Residential,Two Family,0.5018571428571429
220335,2022,2023-05-22,Groton,233 JUDSON AVE,202440,425000,Residential,Single Family,0.4763294117647059
220053,2022,2022-11-16,Brookfield,11 POWDER HORN HILL RD,255130,395000,Residential,Single Family,0.6458987341772152
220280,2022,2023-07-31,Madison,16 RIDGEWOOD AVE,312200,500000,Residential,Single Family,0.6244
220231,2022,2023-06-29,Avon,264 NEW ROAD,169910,415000,Residential,Single Family,0.409421686746988
220420,2022,2023-03-31,New Haven,666 WOODWARD AV,62230,150500,Residential,Condo,0.41348837209302325
220479,2022,2023-03-31,Branford,6G THIMBLE ISLE,45100,130000,Residential,Condo,0.34692307692307695
220041,2022,2023-03-24,East Granby,16 HATCHET HILL ROAD,60700,495000,Residential,Single Family,0.12262626262626262
220098,2022,2023-01-24,Bloomfield,247 DUNCASTER RD,145950,320000,Residential,Single Family,0.45609375
220197,2022,2023-05-31,Ledyard,11 CLARK LN,140350,268000,Residential,Single Family,0.5236940298507463
220044,2022,2022-10-18,Fairfield,121 BEECHWOOD LANE,361410,590000,Residential,Single Family,0.6125593220338983
220677,2022,2023-05-26,Milford,130 OXFORD RD,258710,445000,Residential,Single Family,0.5813707865168539
221752,2022,2023-04-14,Manchester,387 DENNISON RIDGE DRIVE,265600,459900,Residential,Single Family,0.5775168514894542
221171,2022,2023-06-27,Fairfield,59 MONA TERRACE,987490,1415000,Residential,Single Family,0.6978727915194346
22000021,2022,2023-06-27,Hampton,131 DRAIN ST,153760,250000,Residential,Single Family,0.61504
